,tile_ID,geometry,position
0,0,"POLYGON ((-77.1197949 38.917550066233616, -77.1197949 38.92453907094813, -77.1108117471588 38.92453907094813, -77.1108117471588 38.917550066233616, -77.1197949 38.917550066233616))","[0,11]"
1,1,"POLYGON ((-77.1197949 38.92453907094813, -77.1197949 38.93152738722498, -77.1108117471588 38.93152738722498, -77.1108117471588 38.92453907094813, -77.1197949 38.92453907094813))","[0,10]"
2,2,"POLYGON ((-77.1197949 38.93152738722498, -77.1197949 38.938515015028074, -77.1108117471588 38.938515015028074, -77.1108117471588 38.93152738722498, -77.1197949 38.93152738722498))","[0,9]"
3,3,"POLYGON ((-77.1197949 38.938515015028074, -77.1197949 38.94550195432127, -77.1108117471588 38.94550195432127, -77.1108117471588 38.938515015028074, -77.1197949 38.938515015028074))","[0,8]"
4,4,"POLYGON ((-77.1108117471588 38.91056037311766, -77.1108117471588 38.917550066233616, -77.10182859431761 38.917550066233616, -77.10182859431761 38.91056037311766, -77.1108117471588 38.91056037311766))","[1,12]"
5,5,"POLYGON ((-77.1108117471588 38.917550066233616, -77.1108117471588 38.92453907094813, -77.10182859431761 38.92453907094813, -77.10182859431761 38.917550066233616, -77.1108117471588 38.917550066233616))","[1,11]"
6,6,"POLYGON ((-77.1108117471588 38.92453907094813, -77.1108117471588 38.93152738722498, -77.10182859431761 38.93152738722498, -77.10182859431761 38.92453907094813, -77.1108117471588 38.92453907094813))","[1,10]"
7,7,"POLYGON ((-77.1108117471588 38.93152738722498, -77.1108117471588 38.938515015028074, -77.10182859431761 38.938515015028074, -77.10182859431761 38.93152738722498, -77.1108117471588 38.93152738722498))","[1,9]"
8,8,"POLYGON ((-77.1108117471588 38.938515015028074, -77.1108117471588 38.94550195432127, -77.10182859431761 38.94550195432127, -77.10182859431761 38.938515015028074, -77.1108117471588 38.938515015028074))","[1,8]"
9,9,"POLYGON ((-77.1108117471588 38.94550195432127, -77.1108117471588 38.95248820506855, -77.10182859431761 38.95248820506855, -77.10182859431761 38.94550195432127, -77.1108117471588 38.94550195432127))","[1,7]"
10,10,"POLYGON ((-77.10182859431761 38.90356999163647, -77.10182859431761 38.91056037311766, -77.09284544147643 38.91056037311766, -77.09284544147643 38.90356999163647, -77.10182859431761 38.90356999163647))","[2,13]"
11,11,"POLYGON ((-77.10182859431761 38.91056037311766, -77.10182859431761 38.917550066233616, -77.09284544147643 38.917550066233616, -77.09284544147643 38.91056037311766, -77.10182859431761 38.91056037311766))","[2,12]"
12,12,"POLYGON ((-77.10182859431761 38.917550066233616, -77.10182859431761 38.92453907094813, -77.09284544147643 38.92453907094813, -77.09284544147643 38.917550066233616, -77.10182859431761 38.917550066233616))","[2,11]"
13,13,"POLYGON ((-77.10182859431761 38.92453907094813, -77.10182859431761 38.93152738722498, -77.09284544147643 38.93152738722498, -77.09284544147643 38.92453907094813, -77.10182859431761 38.92453907094813))","[2,10]"
14,14,"POLYGON ((-77.10182859431761 38.93152738722498, -77.10182859431761 38.938515015028074, -77.09284544147643 38.938515015028074, -77.09284544147643 38.93152738722498, -77.10182859431761 38.93152738722498))","[2,9]"
15,15,"POLYGON ((-77.10182859431761 38.938515015028074, -77.10182859431761 38.94550195432127, -77.09284544147643 38.94550195432127, -77.09284544147643 38.938515015028074, -77.10182859431761 38.938515015028074))","[2,8]"
16,16,"POLYGON ((-77.10182859431761 38.94550195432127, -77.10182859431761 38.95248820506855, -77.09284544147643 38.95248820506855, -77.09284544147643 38.94550195432127, -77.10182859431761 38.94550195432127))","[2,7]"
17,17,"POLYGON ((-77.10182859431761 38.95248820506855, -77.10182859431761 38.959473767233916, -77.09284544147643 38.959473767233916, -77.09284544147643 38.95248820506855, -77.10182859431761 38.95248820506855))","[2,6]"
18,18,"POLYGON ((-77.09284544147643 38.89657892182632, -77.09284544147643 38.90356999163647, -77.08386228863523 38.90356999163647, -77.08386228863523 38.89657892182632, -77.09284544147643 38.89657892182632))","[3,14]"
19,19,"POLYGON ((-77.09284544147643 38.90356999163647, -77.09284544147643 38.91056037311766, -77.08386228863523 38.91056037311766, -77.08386228863523 38.90356999163647, -77.09284544147643 38.90356999163647))","[3,13]"
20,20,"POLYGON ((-77.09284544147643 38.91056037311766, -77.09284544147643 38.917550066233616, -77.08386228863523 38.917550066233616, -77.08386228863523 38.91056037311766, -77.09284544147643 38.91056037311766))","[3,12]"
21,21,"POLYGON ((-77.09284544147643 38.917550066233616, -77.09284544147643 38.92453907094813, -77.08386228863523 38.92453907094813, -77.08386228863523 38.917550066233616, -77.09284544147643 38.917550066233616))","[3,11]"
22,22,"POLYGON ((-77.09284544147643 38.92453907094813, -77.09284544147643 38.93152738722498, -77.08386228863523 38.93152738722498, -77.08386228863523 38.92453907094813, -77.09284544147643 38.92453907094813))","[3,10]"
23,23,"POLYGON ((-77.09284544147643 38.93152738722498, -77.09284544147643 38.938515015028074, -77.08386228863523 38.938515015028074, -77.08386228863523 38.93152738722498, -77.09284544147643 38.93152738722498))","[3,9]"
24,24,"POLYGON ((-77.09284544147643 38.938515015028074, -77.09284544147643 38.94550195432127, -77.08386228863523 38.94550195432127, -77.08386228863523 38.938515015028074, -77.09284544147643 38.938515015028074))","[3,8]"
25,25,"POLYGON ((-77.09284544147643 38.94550195432127, -77.09284544147643 38.95248820506855, -77.08386228863523 38.95248820506855, -77.08386228863523 38.94550195432127, -77.09284544147643 38.94550195432127))","[3,7]"
26,26,"POLYGON ((-77.09284544147643 38.95248820506855, -77.09284544147643 38.959473767233916, -77.08386228863523 38.959473767233916, -77.08386228863523 38.95248820506855, -77.09284544147643 38.95248820506855))","[3,6]"
27,27,"POLYGON ((-77.09284544147643 38.959473767233916, -77.09284544147643 38.96645864078138, -77.08386228863523 38.96645864078138, -77.08386228863523 38.959473767233916, -77.09284544147643 38.959473767233916))","[3,5]"
28,28,"POLYGON ((-77.08386228863523 38.89657892182632, -77.08386228863523 38.90356999163647, -77.07487913579403 38.90356999163647, -77.07487913579403 38.89657892182632, -77.08386228863523 38.89657892182632))","[4,14]"
29,29,"POLYGON ((-77.08386228863523 38.90356999163647, -77.08386228863523 38.91056037311766, -77.07487913579403 38.91056037311766, -77.07487913579403 38.90356999163647, -77.08386228863523 38.90356999163647))","[4,13]"
30,30,"POLYGON ((-77.08386228863523 38.91056037311766, -77.08386228863523 38.917550066233616, -77.07487913579403 38.917550066233616, -77.07487913579403 38.91056037311766, -77.08386228863523 38.91056037311766))","[4,12]"
31,31,"POLYGON ((-77.08386228863523 38.917550066233616, -77.08386228863523 38.92453907094813, -77.07487913579403 38.92453907094813, -77.07487913579403 38.917550066233616, -77.08386228863523 38.917550066233616))","[4,11]"
32,32,"POLYGON ((-77.08386228863523 38.92453907094813, -77.08386228863523 38.93152738722498, -77.07487913579403 38.93152738722498, -77.07487913579403 38.92453907094813, -77.08386228863523 38.92453907094813))","[4,10]"
33,33,"POLYGON ((-77.08386228863523 38.93152738722498, -77.08386228863523 38.938515015028074, -77.07487913579403 38.938515015028074, -77.07487913579403 38.93152738722498, -77.08386228863523 38.93152738722498))","[4,9]"
34,34,"POLYGON ((-77.08386228863523 38.938515015028074, -77.08386228863523 38.94550195432127, -77.07487913579403 38.94550195432127, -77.07487913579403 38.938515015028074, -77.08386228863523 38.938515015028074))","[4,8]"
35,35,"POLYGON ((-77.08386228863523 38.94550195432127, -77.08386228863523 38.95248820506855, -77.07487913579403 38.95248820506855, -77.07487913579403 38.94550195432127, -77.08386228863523 38.94550195432127))","[4,7]"
36,36,"POLYGON ((-77.08386228863523 38.95248820506855, -77.08386228863523 38.959473767233916, -77.07487913579403 38.959473767233916, -77.07487913579403 38.95248820506855, -77.08386228863523 38.95248820506855))","[4,6]"
37,37,"POLYGON ((-77.08386228863523 38.959473767233916, -77.08386228863523 38.96645864078138, -77.07487913579403 38.96645864078138, -77.07487913579403 38.959473767233916, -77.08386228863523 38.959473767233916))","[4,5]"
38,38,"POLYGON ((-77.08386228863523 38.96645864078138, -77.08386228863523 38.97344282567505, -77.07487913579403 38.97344282567505, -77.07487913579403 38.96645864078138, -77.08386228863523 38.96645864078138))","[4,4]"
39,39,"POLYGON ((-77.07487913579403 38.88958716372352, -77.07487913579403 38.89657892182632, -77.06589598295284 38.89657892182632, -77.06589598295284 38.88958716372352, -77.07487913579403 38.88958716372352))","[5,15]"
40,40,"POLYGON ((-77.07487913579403 38.89657892182632, -77.07487913579403 38.90356999163647, -77.06589598295284 38.90356999163647, -77.06589598295284 38.89657892182632, -77.07487913579403 38.89657892182632))","[5,14]"
41,41,"POLYGON ((-77.07487913579403 38.90356999163647, -77.07487913579403 38.91056037311766, -77.06589598295284 38.91056037311766, -77.06589598295284 38.90356999163647, -77.07487913579403 38.90356999163647))","[5,13]"
42,42,"POLYGON ((-77.07487913579403 38.91056037311766, -77.07487913579403 38.917550066233616, -77.06589598295284 38.917550066233616, -77.06589598295284 38.91056037311766, -77.07487913579403 38.91056037311766))","[5,12]"
43,43,"POLYGON ((-77.07487913579403 38.917550066233616, -77.07487913579403 38.92453907094813, -77.06589598295284 38.92453907094813, -77.06589598295284 38.917550066233616, -77.07487913579403 38.917550066233616))","[5,11]"
44,44,"POLYGON ((-77.07487913579403 38.92453907094813, -77.07487913579403 38.93152738722498, -77.06589598295284 38.93152738722498, -77.06589598295284 38.92453907094813, -77.07487913579403 38.92453907094813))","[5,10]"
45,45,"POLYGON ((-77.07487913579403 38.93152738722498, -77.07487913579403 38.938515015028074, -77.06589598295284 38.938515015028074, -77.06589598295284 38.93152738722498, -77.07487913579403 38.93152738722498))","[5,9]"
46,46,"POLYGON ((-77.07487913579403 38.938515015028074, -77.07487913579403 38.94550195432127, -77.06589598295284 38.94550195432127, -77.06589598295284 38.938515015028074, -77.07487913579403 38.938515015028074))","[5,8]"
47,47,"POLYGON ((-77.07487913579403 38.94550195432127, -77.07487913579403 38.95248820506855, -77.06589598295284 38.95248820506855, -77.06589598295284 38.94550195432127, -77.07487913579403 38.94550195432127))","[5,7]"
48,48,"POLYGON ((-77.07487913579403 38.95248820506855, -77.07487913579403 38.959473767233916, -77.06589598295284 38.959473767233916, -77.06589598295284 38.95248820506855, -77.07487913579403 38.95248820506855))","[5,6]"
49,49,"POLYGON ((-77.07487913579403 38.959473767233916, -77.07487913579403 38.96645864078138, -77.06589598295284 38.96645864078138, -77.06589598295284 38.959473767233916, -77.07487913579403 38.959473767233916))","[5,5]"
50,50,"POLYGON ((-77.07487913579403 38.96645864078138, -77.07487913579403 38.97344282567505, -77.06589598295284 38.97344282567505, -77.06589598295284 38.96645864078138, -77.07487913579403 38.96645864078138))","[5,4]"
51,51,"POLYGON ((-77.07487913579403 38.97344282567505, -77.07487913579403 38.980426321879044, -77.06589598295284 38.980426321879044, -77.06589598295284 38.97344282567505, -77.07487913579403 38.97344282567505))","[5,3]"
52,52,"POLYGON ((-77.06589598295284 38.875601582785485, -77.06589598295284 38.88259471736445, -77.05691283011164 38.88259471736445, -77.05691283011164 38.875601582785485, -77.06589598295284 38.875601582785485))","[6,17]"
53,53,"POLYGON ((-77.06589598295284 38.88259471736445, -77.06589598295284 38.88958716372352, -77.05691283011164 38.88958716372352, -77.05691283011164 38.88259471736445, -77.06589598295284 38.88259471736445))","[6,16]"
54,54,"POLYGON ((-77.06589598295284 38.88958716372352, -77.06589598295284 38.89657892182632, -77.05691283011164 38.89657892182632, -77.05691283011164 38.88958716372352, -77.06589598295284 38.88958716372352))","[6,15]"
55,55,"POLYGON ((-77.06589598295284 38.89657892182632, -77.06589598295284 38.90356999163647, -77.05691283011164 38.90356999163647, -77.05691283011164 38.89657892182632, -77.06589598295284 38.89657892182632))","[6,14]"
56,56,"POLYGON ((-77.06589598295284 38.90356999163647, -77.06589598295284 38.91056037311766, -77.05691283011164 38.91056037311766, -77.05691283011164 38.90356999163647, -77.06589598295284 38.90356999163647))","[6,13]"
57,57,"POLYGON ((-77.06589598295284 38.91056037311766, -77.06589598295284 38.917550066233616, -77.05691283011164 38.917550066233616, -77.05691283011164 38.91056037311766, -77.06589598295284 38.91056037311766))","[6,12]"
58,58,"POLYGON ((-77.06589598295284 38.917550066233616, -77.06589598295284 38.92453907094813, -77.05691283011164 38.92453907094813, -77.05691283011164 38.917550066233616, -77.06589598295284 38.917550066233616))","[6,11]"
59,59,"POLYGON ((-77.06589598295284 38.92453907094813, -77.06589598295284 38.93152738722498, -77.05691283011164 38.93152738722498, -77.05691283011164 38.92453907094813, -77.06589598295284 38.92453907094813))","[6,10]"
60,60,"POLYGON ((-77.06589598295284 38.93152738722498, -77.06589598295284 38.938515015028074, -77.05691283011164 38.938515015028074, -77.05691283011164 38.93152738722498, -77.06589598295284 38.93152738722498))","[6,9]"
61,61,"POLYGON ((-77.06589598295284 38.938515015028074, -77.06589598295284 38.94550195432127, -77.05691283011164 38.94550195432127, -77.05691283011164 38.938515015028074, -77.06589598295284 38.938515015028074))","[6,8]"
62,62,"POLYGON ((-77.06589598295284 38.94550195432127, -77.06589598295284 38.95248820506855, -77.05691283011164 38.95248820506855, -77.05691283011164 38.94550195432127, -77.06589598295284 38.94550195432127))","[6,7]"
63,63,"POLYGON ((-77.06589598295284 38.95248820506855, -77.06589598295284 38.959473767233916, -77.05691283011164 38.959473767233916, -77.05691283011164 38.95248820506855, -77.06589598295284 38.95248820506855))","[6,6]"
64,64,"POLYGON ((-77.06589598295284 38.959473767233916, -77.06589598295284 38.96645864078138, -77.05691283011164 38.96645864078138, -77.05691283011164 38.959473767233916, -77.06589598295284 38.959473767233916))","[6,5]"
65,65,"POLYGON ((-77.06589598295284 38.96645864078138, -77.06589598295284 38.97344282567505, -77.05691283011164 38.97344282567505, -77.05691283011164 38.96645864078138, -77.06589598295284 38.96645864078138))","[6,4]"
66,66,"POLYGON ((-77.06589598295284 38.97344282567505, -77.06589598295284 38.980426321879044, -77.05691283011164 38.980426321879044, -77.05691283011164 38.97344282567505, -77.06589598295284 38.97344282567505))","[6,3]"
67,67,"POLYGON ((-77.06589598295284 38.980426321879044, -77.06589598295284 38.987409129357545, -77.05691283011164 38.987409129357545, -77.05691283011164 38.980426321879044, -77.06589598295284 38.980426321879044))","[6,2]"
68,68,"POLYGON ((-77.05691283011164 38.868607760023096, -77.05691283011164 38.875601582785485, -77.04792967727045 38.875601582785485, -77.04792967727045 38.868607760023096, -77.05691283011164 38.868607760023096))","[7,19]"
69,69,"POLYGON ((-77.05691283011164 38.875601582785485, -77.05691283011164 38.88259471736445, -77.04792967727045 38.88259471736445, -77.04792967727045 38.875601582785485, -77.05691283011164 38.875601582785485))","[7,17]"
70,70,"POLYGON ((-77.05691283011164 38.88259471736445, -77.05691283011164 38.88958716372352, -77.04792967727045 38.88958716372352, -77.04792967727045 38.88259471736445, -77.05691283011164 38.88259471736445))","[7,16]"
71,71,"POLYGON ((-77.05691283011164 38.88958716372352, -77.05691283011164 38.89657892182632, -77.04792967727045 38.89657892182632, -77.04792967727045 38.88958716372352, -77.05691283011164 38.88958716372352))","[7,15]"
72,72,"POLYGON ((-77.05691283011164 38.89657892182632, -77.05691283011164 38.90356999163647, -77.04792967727045 38.90356999163647, -77.04792967727045 38.89657892182632, -77.05691283011164 38.89657892182632))","[7,14]"
73,73,"POLYGON ((-77.05691283011164 38.90356999163647, -77.05691283011164 38.91056037311766, -77.04792967727045 38.91056037311766, -77.04792967727045 38.90356999163647, -77.05691283011164 38.90356999163647))","[7,13]"
74,74,"POLYGON ((-77.05691283011164 38.91056037311766, -77.05691283011164 38.917550066233616, -77.04792967727045 38.917550066233616, -77.04792967727045 38.91056037311766, -77.05691283011164 38.91056037311766))","[7,12]"
75,75,"POLYGON ((-77.05691283011164 38.917550066233616, -77.05691283011164 38.92453907094813, -77.04792967727045 38.92453907094813, -77.04792967727045 38.917550066233616, -77.05691283011164 38.917550066233616))","[7,11]"
76,76,"POLYGON ((-77.05691283011164 38.92453907094813, -77.05691283011164 38.93152738722498, -77.04792967727045 38.93152738722498, -77.04792967727045 38.92453907094813, -77.05691283011164 38.92453907094813))","[7,10]"
77,77,"POLYGON ((-77.05691283011164 38.93152738722498, -77.05691283011164 38.938515015028074, -77.04792967727045 38.938515015028074, -77.04792967727045 38.93152738722498, -77.05691283011164 38.93152738722498))","[7,9]"
78,78,"POLYGON ((-77.05691283011164 38.938515015028074, -77.05691283011164 38.94550195432127, -77.04792967727045 38.94550195432127, -77.04792967727045 38.938515015028074, -77.05691283011164 38.938515015028074))","[7,8]"
79,79,"POLYGON ((-77.05691283011164 38.94550195432127, -77.05691283011164 38.95248820506855, -77.04792967727045 38.95248820506855, -77.04792967727045 38.94550195432127, -77.05691283011164 38.94550195432127))","[7,7]"
80,80,"POLYGON ((-77.05691283011164 38.95248820506855, -77.05691283011164 38.959473767233916, -77.04792967727045 38.959473767233916, -77.04792967727045 38.95248820506855, -77.05691283011164 38.95248820506855))","[7,6]"
81,81,"POLYGON ((-77.05691283011164 38.959473767233916, -77.05691283011164 38.96645864078138, -77.04792967727045 38.96645864078138, -77.04792967727045 38.959473767233916, -77.05691283011164 38.959473767233916))","[7,5]"
82,82,"POLYGON ((-77.05691283011164 38.96645864078138, -77.05691283011164 38.97344282567505, -77.04792967727045 38.97344282567505, -77.04792967727045 38.96645864078138, -77.05691283011164 38.96645864078138))","[7,4]"
83,83,"POLYGON ((-77.05691283011164 38.97344282567505, -77.05691283011164 38.980426321879044, -77.04792967727045 38.980426321879044, -77.04792967727045 38.97344282567505, -77.05691283011164 38.97344282567505))","[7,3]"
84,84,"POLYGON ((-77.05691283011164 38.980426321879044, -77.05691283011164 38.987409129357545, -77.04792967727045 38.987409129357545, -77.04792967727045 38.980426321879044, -77.05691283011164 38.980426321879044))","[7,2]"
85,85,"POLYGON ((-77.05691283011164 38.987409129357545, -77.05691283011164 38.99439124807475, -77.04792967727045 38.99439124807475, -77.04792967727045 38.987409129357545, -77.05691283011164 38.987409129357545))","[7,1]"
86,86,"POLYGON ((-77.04792967727045 38.7916303, -77.04792967727045 38.798631690361624, -77.03894652442925 38.798631690361624, -77.03894652442925 38.7916303, -77.04792967727045 38.7916303))","[8,30]"
87,87,"POLYGON ((-77.04792967727045 38.798631690361624, -77.04792967727045 38.805632392943714, -77.03894652442925 38.805632392943714, -77.03894652442925 38.798631690361624, -77.04792967727045 38.798631690361624))","[8,29]"
88,88,"POLYGON ((-77.04792967727045 38.812632407709344, -77.04792967727045 38.819631734621595, -77.03894652442925 38.819631734621595, -77.03894652442925 38.812632407709344, -77.04792967727045 38.812632407709344))","[8,27]"
89,89,"POLYGON ((-77.04792967727045 38.819631734621595, -77.04792967727045 38.826630373643624, -77.03894652442925 38.826630373643624, -77.03894652442925 38.819631734621595, -77.04792967727045 38.819631734621595))","[8,26]"
90,90,"POLYGON ((-77.04792967727045 38.826630373643624, -77.04792967727045 38.833628324738626, -77.03894652442925 38.833628324738626, -77.03894652442925 38.826630373643624, -77.04792967727045 38.826630373643624))","[8,25]"
91,91,"POLYGON ((-77.04792967727045 38.833628324738626, -77.04792967727045 38.84062558786984, -77.03894652442925 38.84062558786984, -77.03894652442925 38.833628324738626, -77.04792967727045 38.833628324738626))","[8,24]"
92,92,"POLYGON ((-77.04792967727045 38.84062558786984, -77.04792967727045 38.847622163000544, -77.03894652442925 38.847622163000544, -77.03894652442925 38.84062558786984, -77.04792967727045 38.84062558786984))","[8,23]"
93,93,"POLYGON ((-77.04792967727045 38.86161324911378, -77.04792967727045 38.868607760023096, -77.03894652442925 38.868607760023096, -77.03894652442925 38.86161324911378, -77.04792967727045 38.86161324911378))","[8,20]"
94,94,"POLYGON ((-77.04792967727045 38.868607760023096, -77.04792967727045 38.875601582785485, -77.03894652442925 38.875601582785485, -77.03894652442925 38.868607760023096, -77.04792967727045 38.868607760023096))","[8,19]"
95,95,"POLYGON ((-77.04792967727045 38.875601582785485, -77.04792967727045 38.88259471736445, -77.03894652442925 38.88259471736445, -77.03894652442925 38.875601582785485, -77.04792967727045 38.875601582785485))","[8,17]"
96,96,"POLYGON ((-77.04792967727045 38.88259471736445, -77.04792967727045 38.88958716372352, -77.03894652442925 38.88958716372352, -77.03894652442925 38.88259471736445, -77.04792967727045 38.88259471736445))","[8,16]"
97,97,"POLYGON ((-77.04792967727045 38.88958716372352, -77.04792967727045 38.89657892182632, -77.03894652442925 38.89657892182632, -77.03894652442925 38.88958716372352, -77.04792967727045 38.88958716372352))","[8,15]"
98,98,"POLYGON ((-77.04792967727045 38.89657892182632, -77.04792967727045 38.90356999163647, -77.03894652442925 38.90356999163647, -77.03894652442925 38.89657892182632, -77.04792967727045 38.89657892182632))","[8,14]"
99,99,"POLYGON ((-77.04792967727045 38.90356999163647, -77.04792967727045 38.91056037311766, -77.03894652442925 38.91056037311766, -77.03894652442925 38.90356999163647, -77.04792967727045 38.90356999163647))","[8,13]"
100,100,"POLYGON ((-77.04792967727045 38.91056037311766, -77.04792967727045 38.917550066233616, -77.03894652442925 38.917550066233616, -77.03894652442925 38.91056037311766, -77.04792967727045 38.91056037311766))","[8,12]"
101,101,"POLYGON ((-77.04792967727045 38.917550066233616, -77.04792967727045 38.92453907094813, -77.03894652442925 38.92453907094813, -77.03894652442925 38.917550066233616, -77.04792967727045 38.917550066233616))","[8,11]"
102,102,"POLYGON ((-77.04792967727045 38.92453907094813, -77.04792967727045 38.93152738722498, -77.03894652442925 38.93152738722498, -77.03894652442925 38.92453907094813, -77.04792967727045 38.92453907094813))","[8,10]"
103,103,"POLYGON ((-77.04792967727045 38.93152738722498, -77.04792967727045 38.938515015028074, -77.03894652442925 38.938515015028074, -77.03894652442925 38.93152738722498, -77.04792967727045 38.93152738722498))","[8,9]"
104,104,"POLYGON ((-77.04792967727045 38.938515015028074, -77.04792967727045 38.94550195432127, -77.03894652442925 38.94550195432127, -77.03894652442925 38.938515015028074, -77.04792967727045 38.938515015028074))","[8,8]"
105,105,"POLYGON ((-77.04792967727045 38.94550195432127, -77.04792967727045 38.95248820506855, -77.03894652442925 38.95248820506855, -77.03894652442925 38.94550195432127, -77.04792967727045 38.94550195432127))","[8,7]"
106,106,"POLYGON ((-77.04792967727045 38.95248820506855, -77.04792967727045 38.959473767233916, -77.03894652442925 38.959473767233916, -77.03894652442925 38.95248820506855, -77.04792967727045 38.95248820506855))","[8,6]"
107,107,"POLYGON ((-77.04792967727045 38.959473767233916, -77.04792967727045 38.96645864078138, -77.03894652442925 38.96645864078138, -77.03894652442925 38.959473767233916, -77.04792967727045 38.959473767233916))","[8,5]"
108,108,"POLYGON ((-77.04792967727045 38.96645864078138, -77.04792967727045 38.97344282567505, -77.03894652442925 38.97344282567505, -77.03894652442925 38.96645864078138, -77.04792967727045 38.96645864078138))","[8,4]"
109,109,"POLYGON ((-77.04792967727045 38.97344282567505, -77.04792967727045 38.980426321879044, -77.03894652442925 38.980426321879044, -77.03894652442925 38.97344282567505, -77.04792967727045 38.97344282567505))","[8,3]"
110,110,"POLYGON ((-77.04792967727045 38.980426321879044, -77.04792967727045 38.987409129357545, -77.03894652442925 38.987409129357545, -77.03894652442925 38.980426321879044, -77.04792967727045 38.980426321879044))","[8,2]"
111,111,"POLYGON ((-77.04792967727045 38.987409129357545, -77.04792967727045 38.99439124807475, -77.03894652442925 38.99439124807475, -77.03894652442925 38.987409129357545, -77.04792967727045 38.987409129357545))","[8,1]"
112,112,"POLYGON ((-77.04792967727045 38.99439124807475, -77.04792967727045 39.001372677994944, -77.03894652442925 39.001372677994944, -77.03894652442925 38.99439124807475, -77.04792967727045 38.99439124807475))","[8,0]"
113,113,"POLYGON ((-77.03894652442925 38.7916303, -77.03894652442925 38.798631690361624, -77.02996337158805 38.798631690361624, -77.02996337158805 38.7916303, -77.03894652442925 38.7916303))","[9,30]"
114,114,"POLYGON ((-77.03894652442925 38.798631690361624, -77.03894652442925 38.805632392943714, -77.02996337158805 38.805632392943714, -77.02996337158805 38.798631690361624, -77.03894652442925 38.798631690361624))","[9,29]"
115,115,"POLYGON ((-77.03894652442925 38.805632392943714, -77.03894652442925 38.812632407709344, -77.02996337158805 38.812632407709344, -77.02996337158805 38.805632392943714, -77.03894652442925 38.805632392943714))","[9,28]"
116,116,"POLYGON ((-77.03894652442925 38.812632407709344, -77.03894652442925 38.819631734621595, -77.02996337158805 38.819631734621595, -77.02996337158805 38.812632407709344, -77.03894652442925 38.812632407709344))","[9,27]"
117,117,"POLYGON ((-77.03894652442925 38.819631734621595, -77.03894652442925 38.826630373643624, -77.02996337158805 38.826630373643624, -77.02996337158805 38.819631734621595, -77.03894652442925 38.819631734621595))","[9,26]"
118,118,"POLYGON ((-77.03894652442925 38.826630373643624, -77.03894652442925 38.833628324738626, -77.02996337158805 38.833628324738626, -77.02996337158805 38.826630373643624, -77.03894652442925 38.826630373643624))","[9,25]"
119,119,"POLYGON ((-77.03894652442925 38.833628324738626, -77.03894652442925 38.84062558786984, -77.02996337158805 38.84062558786984, -77.02996337158805 38.833628324738626, -77.03894652442925 38.833628324738626))","[9,24]"
120,120,"POLYGON ((-77.03894652442925 38.84062558786984, -77.03894652442925 38.847622163000544, -77.02996337158805 38.847622163000544, -77.02996337158805 38.84062558786984, -77.03894652442925 38.84062558786984))","[9,23]"
121,121,"POLYGON ((-77.03894652442925 38.847622163000544, -77.03894652442925 38.85461805009407, -77.02996337158805 38.85461805009407, -77.02996337158805 38.847622163000544, -77.03894652442925 38.847622163000544))","[9,22]"
122,122,"POLYGON ((-77.03894652442925 38.85461805009407, -77.03894652442925 38.86161324911378, -77.02996337158805 38.86161324911378, -77.02996337158805 38.85461805009407, -77.03894652442925 38.85461805009407))","[9,21]"
123,123,"POLYGON ((-77.03894652442925 38.86161324911378, -77.03894652442925 38.868607760023096, -77.02996337158805 38.868607760023096, -77.02996337158805 38.86161324911378, -77.03894652442925 38.86161324911378))","[9,20]"
124,124,"POLYGON ((-77.03894652442925 38.868607760023096, -77.03894652442925 38.875601582785485, -77.02996337158805 38.875601582785485, -77.02996337158805 38.868607760023096, -77.03894652442925 38.868607760023096))","[9,19]"
125,125,"POLYGON ((-77.03894652442925 38.875601582785485, -77.03894652442925 38.88259471736445, -77.02996337158805 38.88259471736445, -77.02996337158805 38.875601582785485, -77.03894652442925 38.875601582785485))","[9,17]"
126,126,"POLYGON ((-77.03894652442925 38.88259471736445, -77.03894652442925 38.88958716372352, -77.02996337158805 38.88958716372352, -77.02996337158805 38.88259471736445, -77.03894652442925 38.88259471736445))","[9,16]"
127,127,"POLYGON ((-77.03894652442925 38.88958716372352, -77.03894652442925 38.89657892182632, -77.02996337158805 38.89657892182632, -77.02996337158805 38.88958716372352, -77.03894652442925 38.88958716372352))","[9,15]"
128,128,"POLYGON ((-77.03894652442925 38.89657892182632, -77.03894652442925 38.90356999163647, -77.02996337158805 38.90356999163647, -77.02996337158805 38.89657892182632, -77.03894652442925 38.89657892182632))","[9,14]"
129,129,"POLYGON ((-77.03894652442925 38.90356999163647, -77.03894652442925 38.91056037311766, -77.02996337158805 38.91056037311766, -77.02996337158805 38.90356999163647, -77.03894652442925 38.90356999163647))","[9,13]"
130,130,"POLYGON ((-77.03894652442925 38.91056037311766, -77.03894652442925 38.917550066233616, -77.02996337158805 38.917550066233616, -77.02996337158805 38.91056037311766, -77.03894652442925 38.91056037311766))","[9,12]"
131,131,"POLYGON ((-77.03894652442925 38.917550066233616, -77.03894652442925 38.92453907094813, -77.02996337158805 38.92453907094813, -77.02996337158805 38.917550066233616, -77.03894652442925 38.917550066233616))","[9,11]"
132,132,"POLYGON ((-77.03894652442925 38.92453907094813, -77.03894652442925 38.93152738722498, -77.02996337158805 38.93152738722498, -77.02996337158805 38.92453907094813, -77.03894652442925 38.92453907094813))","[9,10]"
133,133,"POLYGON ((-77.03894652442925 38.93152738722498, -77.03894652442925 38.938515015028074, -77.02996337158805 38.938515015028074, -77.02996337158805 38.93152738722498, -77.03894652442925 38.93152738722498))","[9,9]"
134,134,"POLYGON ((-77.03894652442925 38.938515015028074, -77.03894652442925 38.94550195432127, -77.02996337158805 38.94550195432127, -77.02996337158805 38.938515015028074, -77.03894652442925 38.938515015028074))","[9,8]"
135,135,"POLYGON ((-77.03894652442925 38.94550195432127, -77.03894652442925 38.95248820506855, -77.02996337158805 38.95248820506855, -77.02996337158805 38.94550195432127, -77.03894652442925 38.94550195432127))","[9,7]"
136,136,"POLYGON ((-77.03894652442925 38.95248820506855, -77.03894652442925 38.959473767233916, -77.02996337158805 38.959473767233916, -77.02996337158805 38.95248820506855, -77.03894652442925 38.95248820506855))","[9,6]"
137,137,"POLYGON ((-77.03894652442925 38.959473767233916, -77.03894652442925 38.96645864078138, -77.02996337158805 38.96645864078138, -77.02996337158805 38.959473767233916, -77.03894652442925 38.959473767233916))","[9,5]"
138,138,"POLYGON ((-77.03894652442925 38.96645864078138, -77.03894652442925 38.97344282567505, -77.02996337158805 38.97344282567505, -77.02996337158805 38.96645864078138, -77.03894652442925 38.96645864078138))","[9,4]"
139,139,"POLYGON ((-77.03894652442925 38.97344282567505, -77.03894652442925 38.980426321879044, -77.02996337158805 38.980426321879044, -77.02996337158805 38.97344282567505, -77.03894652442925 38.97344282567505))","[9,3]"
140,140,"POLYGON ((-77.03894652442925 38.980426321879044, -77.03894652442925 38.987409129357545, -77.02996337158805 38.987409129357545, -77.02996337158805 38.980426321879044, -77.03894652442925 38.980426321879044))","[9,2]"
141,141,"POLYGON ((-77.03894652442925 38.987409129357545, -77.03894652442925 38.99439124807475, -77.02996337158805 38.99439124807475, -77.02996337158805 38.987409129357545, -77.03894652442925 38.987409129357545))","[9,1]"
142,142,"POLYGON ((-77.02996337158805 38.798631690361624, -77.02996337158805 38.805632392943714, -77.02098021874686 38.805632392943714, -77.02098021874686 38.798631690361624, -77.02996337158805 38.798631690361624))","[10,29]"
143,143,"POLYGON ((-77.02996337158805 38.805632392943714, -77.02996337158805 38.812632407709344, -77.02098021874686 38.812632407709344, -77.02098021874686 38.805632392943714, -77.02996337158805 38.805632392943714))","[10,28]"
144,144,"POLYGON ((-77.02996337158805 38.812632407709344, -77.02996337158805 38.819631734621595, -77.02098021874686 38.819631734621595, -77.02098021874686 38.812632407709344, -77.02996337158805 38.812632407709344))","[10,27]"
145,145,"POLYGON ((-77.02996337158805 38.819631734621595, -77.02996337158805 38.826630373643624, -77.02098021874686 38.826630373643624, -77.02098021874686 38.819631734621595, -77.02996337158805 38.819631734621595))","[10,26]"
146,146,"POLYGON ((-77.02996337158805 38.826630373643624, -77.02996337158805 38.833628324738626, -77.02098021874686 38.833628324738626, -77.02098021874686 38.826630373643624, -77.02996337158805 38.826630373643624))","[10,25]"
147,147,"POLYGON ((-77.02996337158805 38.833628324738626, -77.02996337158805 38.84062558786984, -77.02098021874686 38.84062558786984, -77.02098021874686 38.833628324738626, -77.02996337158805 38.833628324738626))","[10,24]"
148,148,"POLYGON ((-77.02996337158805 38.84062558786984, -77.02996337158805 38.847622163000544, -77.02098021874686 38.847622163000544, -77.02098021874686 38.84062558786984, -77.02996337158805 38.84062558786984))","[10,23]"
149,149,"POLYGON ((-77.02996337158805 38.847622163000544, -77.02996337158805 38.85461805009407, -77.02098021874686 38.85461805009407, -77.02098021874686 38.847622163000544, -77.02996337158805 38.847622163000544))","[10,22]"
150,150,"POLYGON ((-77.02996337158805 38.85461805009407, -77.02996337158805 38.86161324911378, -77.02098021874686 38.86161324911378, -77.02098021874686 38.85461805009407, -77.02996337158805 38.85461805009407))","[10,21]"
151,151,"POLYGON ((-77.02996337158805 38.86161324911378, -77.02996337158805 38.868607760023096, -77.02098021874686 38.868607760023096, -77.02098021874686 38.86161324911378, -77.02996337158805 38.86161324911378))","[10,20]"
152,152,"POLYGON ((-77.02996337158805 38.868607760023096, -77.02996337158805 38.875601582785485, -77.02098021874686 38.875601582785485, -77.02098021874686 38.868607760023096, -77.02996337158805 38.868607760023096))","[10,19]"
153,153,"POLYGON ((-77.02996337158805 38.875601582785485, -77.02996337158805 38.88259471736445, -77.02098021874686 38.88259471736445, -77.02098021874686 38.875601582785485, -77.02996337158805 38.875601582785485))","[10,17]"
154,154,"POLYGON ((-77.02996337158805 38.88259471736445, -77.02996337158805 38.88958716372352, -77.02098021874686 38.88958716372352, -77.02098021874686 38.88259471736445, -77.02996337158805 38.88259471736445))","[10,16]"
155,155,"POLYGON ((-77.02996337158805 38.88958716372352, -77.02996337158805 38.89657892182632, -77.02098021874686 38.89657892182632, -77.02098021874686 38.88958716372352, -77.02996337158805 38.88958716372352))","[10,15]"
156,156,"POLYGON ((-77.02996337158805 38.89657892182632, -77.02996337158805 38.90356999163647, -77.02098021874686 38.90356999163647, -77.02098021874686 38.89657892182632, -77.02996337158805 38.89657892182632))","[10,14]"
157,157,"POLYGON ((-77.02996337158805 38.90356999163647, -77.02996337158805 38.91056037311766, -77.02098021874686 38.91056037311766, -77.02098021874686 38.90356999163647, -77.02996337158805 38.90356999163647))","[10,13]"
158,158,"POLYGON ((-77.02996337158805 38.91056037311766, -77.02996337158805 38.917550066233616, -77.02098021874686 38.917550066233616, -77.02098021874686 38.91056037311766, -77.02996337158805 38.91056037311766))","[10,12]"
159,159,"POLYGON ((-77.02996337158805 38.917550066233616, -77.02996337158805 38.92453907094813, -77.02098021874686 38.92453907094813, -77.02098021874686 38.917550066233616, -77.02996337158805 38.917550066233616))","[10,11]"
160,160,"POLYGON ((-77.02996337158805 38.92453907094813, -77.02996337158805 38.93152738722498, -77.02098021874686 38.93152738722498, -77.02098021874686 38.92453907094813, -77.02996337158805 38.92453907094813))","[10,10]"
161,161,"POLYGON ((-77.02996337158805 38.93152738722498, -77.02996337158805 38.938515015028074, -77.02098021874686 38.938515015028074, -77.02098021874686 38.93152738722498, -77.02996337158805 38.93152738722498))","[10,9]"
162,162,"POLYGON ((-77.02996337158805 38.938515015028074, -77.02996337158805 38.94550195432127, -77.02098021874686 38.94550195432127, -77.02098021874686 38.938515015028074, -77.02996337158805 38.938515015028074))","[10,8]"
163,163,"POLYGON ((-77.02996337158805 38.94550195432127, -77.02996337158805 38.95248820506855, -77.02098021874686 38.95248820506855, -77.02098021874686 38.94550195432127, -77.02996337158805 38.94550195432127))","[10,7]"
164,164,"POLYGON ((-77.02996337158805 38.95248820506855, -77.02996337158805 38.959473767233916, -77.02098021874686 38.959473767233916, -77.02098021874686 38.95248820506855, -77.02996337158805 38.95248820506855))","[10,6]"
165,165,"POLYGON ((-77.02996337158805 38.959473767233916, -77.02996337158805 38.96645864078138, -77.02098021874686 38.96645864078138, -77.02098021874686 38.959473767233916, -77.02996337158805 38.959473767233916))","[10,5]"
166,166,"POLYGON ((-77.02996337158805 38.96645864078138, -77.02996337158805 38.97344282567505, -77.02098021874686 38.97344282567505, -77.02098021874686 38.96645864078138, -77.02996337158805 38.96645864078138))","[10,4]"
167,167,"POLYGON ((-77.02996337158805 38.97344282567505, -77.02996337158805 38.980426321879044, -77.02098021874686 38.980426321879044, -77.02098021874686 38.97344282567505, -77.02996337158805 38.97344282567505))","[10,3]"
168,168,"POLYGON ((-77.02996337158805 38.980426321879044, -77.02996337158805 38.987409129357545, -77.02098021874686 38.987409129357545, -77.02098021874686 38.980426321879044, -77.02996337158805 38.980426321879044))","[10,2]"
169,169,"POLYGON ((-77.02098021874686 38.805632392943714, -77.02098021874686 38.812632407709344, -77.01199706590566 38.812632407709344, -77.01199706590566 38.805632392943714, -77.02098021874686 38.805632392943714))","[11,28]"
170,170,"POLYGON ((-77.02098021874686 38.812632407709344, -77.02098021874686 38.819631734621595, -77.01199706590566 38.819631734621595, -77.01199706590566 38.812632407709344, -77.02098021874686 38.812632407709344))","[11,27]"
171,171,"POLYGON ((-77.02098021874686 38.819631734621595, -77.02098021874686 38.826630373643624, -77.01199706590566 38.826630373643624, -77.01199706590566 38.819631734621595, -77.02098021874686 38.819631734621595))","[11,26]"
172,172,"POLYGON ((-77.02098021874686 38.826630373643624, -77.02098021874686 38.833628324738626, -77.01199706590566 38.833628324738626, -77.01199706590566 38.826630373643624, -77.02098021874686 38.826630373643624))","[11,25]"
173,173,"POLYGON ((-77.02098021874686 38.833628324738626, -77.02098021874686 38.84062558786984, -77.01199706590566 38.84062558786984, -77.01199706590566 38.833628324738626, -77.02098021874686 38.833628324738626))","[11,24]"
174,174,"POLYGON ((-77.02098021874686 38.84062558786984, -77.02098021874686 38.847622163000544, -77.01199706590566 38.847622163000544, -77.01199706590566 38.84062558786984, -77.02098021874686 38.84062558786984))","[11,23]"
175,175,"POLYGON ((-77.02098021874686 38.847622163000544, -77.02098021874686 38.85461805009407, -77.01199706590566 38.85461805009407, -77.01199706590566 38.847622163000544, -77.02098021874686 38.847622163000544))","[11,22]"
176,176,"POLYGON ((-77.02098021874686 38.85461805009407, -77.02098021874686 38.86161324911378, -77.01199706590566 38.86161324911378, -77.01199706590566 38.85461805009407, -77.02098021874686 38.85461805009407))","[11,21]"
177,177,"POLYGON ((-77.02098021874686 38.86161324911378, -77.02098021874686 38.868607760023096, -77.01199706590566 38.868607760023096, -77.01199706590566 38.86161324911378, -77.02098021874686 38.86161324911378))","[11,20]"
178,178,"POLYGON ((-77.02098021874686 38.868607760023096, -77.02098021874686 38.875601582785485, -77.01199706590566 38.875601582785485, -77.01199706590566 38.868607760023096, -77.02098021874686 38.868607760023096))","[11,19]"
179,179,"POLYGON ((-77.02098021874686 38.875601582785485, -77.02098021874686 38.88259471736445, -77.01199706590566 38.88259471736445, -77.01199706590566 38.875601582785485, -77.02098021874686 38.875601582785485))","[11,17]"
180,180,"POLYGON ((-77.02098021874686 38.88259471736445, -77.02098021874686 38.88958716372352, -77.01199706590566 38.88958716372352, -77.01199706590566 38.88259471736445, -77.02098021874686 38.88259471736445))","[11,16]"
181,181,"POLYGON ((-77.02098021874686 38.88958716372352, -77.02098021874686 38.89657892182632, -77.01199706590566 38.89657892182632, -77.01199706590566 38.88958716372352, -77.02098021874686 38.88958716372352))","[11,15]"
182,182,"POLYGON ((-77.02098021874686 38.89657892182632, -77.02098021874686 38.90356999163647, -77.01199706590566 38.90356999163647, -77.01199706590566 38.89657892182632, -77.02098021874686 38.89657892182632))","[11,14]"
183,183,"POLYGON ((-77.02098021874686 38.90356999163647, -77.02098021874686 38.91056037311766, -77.01199706590566 38.91056037311766, -77.01199706590566 38.90356999163647, -77.02098021874686 38.90356999163647))","[11,13]"
184,184,"POLYGON ((-77.02098021874686 38.91056037311766, -77.02098021874686 38.917550066233616, -77.01199706590566 38.917550066233616, -77.01199706590566 38.91056037311766, -77.02098021874686 38.91056037311766))","[11,12]"
185,185,"POLYGON ((-77.02098021874686 38.917550066233616, -77.02098021874686 38.92453907094813, -77.01199706590566 38.92453907094813, -77.01199706590566 38.917550066233616, -77.02098021874686 38.917550066233616))","[11,11]"
186,186,"POLYGON ((-77.02098021874686 38.92453907094813, -77.02098021874686 38.93152738722498, -77.01199706590566 38.93152738722498, -77.01199706590566 38.92453907094813, -77.02098021874686 38.92453907094813))","[11,10]"
187,187,"POLYGON ((-77.02098021874686 38.93152738722498, -77.02098021874686 38.938515015028074, -77.01199706590566 38.938515015028074, -77.01199706590566 38.93152738722498, -77.02098021874686 38.93152738722498))","[11,9]"
188,188,"POLYGON ((-77.02098021874686 38.938515015028074, -77.02098021874686 38.94550195432127, -77.01199706590566 38.94550195432127, -77.01199706590566 38.938515015028074, -77.02098021874686 38.938515015028074))","[11,8]"
189,189,"POLYGON ((-77.02098021874686 38.94550195432127, -77.02098021874686 38.95248820506855, -77.01199706590566 38.95248820506855, -77.01199706590566 38.94550195432127, -77.02098021874686 38.94550195432127))","[11,7]"
190,190,"POLYGON ((-77.02098021874686 38.95248820506855, -77.02098021874686 38.959473767233916, -77.01199706590566 38.959473767233916, -77.01199706590566 38.95248820506855, -77.02098021874686 38.95248820506855))","[11,6]"
191,191,"POLYGON ((-77.02098021874686 38.959473767233916, -77.02098021874686 38.96645864078138, -77.01199706590566 38.96645864078138, -77.01199706590566 38.959473767233916, -77.02098021874686 38.959473767233916))","[11,5]"
192,192,"POLYGON ((-77.02098021874686 38.96645864078138, -77.02098021874686 38.97344282567505, -77.01199706590566 38.97344282567505, -77.01199706590566 38.96645864078138, -77.02098021874686 38.96645864078138))","[11,4]"
193,193,"POLYGON ((-77.02098021874686 38.97344282567505, -77.02098021874686 38.980426321879044, -77.01199706590566 38.980426321879044, -77.01199706590566 38.97344282567505, -77.02098021874686 38.97344282567505))","[11,3]"
194,194,"POLYGON ((-77.01199706590566 38.812632407709344, -77.01199706590566 38.819631734621595, -77.00301391306446 38.819631734621595, -77.00301391306446 38.812632407709344, -77.01199706590566 38.812632407709344))","[12,27]"
195,195,"POLYGON ((-77.01199706590566 38.819631734621595, -77.01199706590566 38.826630373643624, -77.00301391306446 38.826630373643624, -77.00301391306446 38.819631734621595, -77.01199706590566 38.819631734621595))","[12,26]"
196,196,"POLYGON ((-77.01199706590566 38.826630373643624, -77.01199706590566 38.833628324738626, -77.00301391306446 38.833628324738626, -77.00301391306446 38.826630373643624, -77.01199706590566 38.826630373643624))","[12,25]"
197,197,"POLYGON ((-77.01199706590566 38.833628324738626, -77.01199706590566 38.84062558786984, -77.00301391306446 38.84062558786984, -77.00301391306446 38.833628324738626, -77.01199706590566 38.833628324738626))","[12,24]"
198,198,"POLYGON ((-77.01199706590566 38.84062558786984, -77.01199706590566 38.847622163000544, -77.00301391306446 38.847622163000544, -77.00301391306446 38.84062558786984, -77.01199706590566 38.84062558786984))","[12,23]"
199,199,"POLYGON ((-77.01199706590566 38.847622163000544, -77.01199706590566 38.85461805009407, -77.00301391306446 38.85461805009407, -77.00301391306446 38.847622163000544, -77.01199706590566 38.847622163000544))","[12,22]"
200,200,"POLYGON ((-77.01199706590566 38.85461805009407, -77.01199706590566 38.86161324911378, -77.00301391306446 38.86161324911378, -77.00301391306446 38.85461805009407, -77.01199706590566 38.85461805009407))","[12,21]"
201,201,"POLYGON ((-77.01199706590566 38.86161324911378, -77.01199706590566 38.868607760023096, -77.00301391306446 38.868607760023096, -77.00301391306446 38.86161324911378, -77.01199706590566 38.86161324911378))","[12,20]"
202,202,"POLYGON ((-77.01199706590566 38.868607760023096, -77.01199706590566 38.875601582785485, -77.00301391306446 38.875601582785485, -77.00301391306446 38.868607760023096, -77.01199706590566 38.868607760023096))","[12,19]"
203,203,"POLYGON ((-77.01199706590566 38.875601582785485, -77.01199706590566 38.88259471736445, -77.00301391306446 38.88259471736445, -77.00301391306446 38.875601582785485, -77.01199706590566 38.875601582785485))","[12,17]"
204,204,"POLYGON ((-77.01199706590566 38.88259471736445, -77.01199706590566 38.88958716372352, -77.00301391306446 38.88958716372352, -77.00301391306446 38.88259471736445, -77.01199706590566 38.88259471736445))","[12,16]"
205,205,"POLYGON ((-77.01199706590566 38.88958716372352, -77.01199706590566 38.89657892182632, -77.00301391306446 38.89657892182632, -77.00301391306446 38.88958716372352, -77.01199706590566 38.88958716372352))","[12,15]"
206,206,"POLYGON ((-77.01199706590566 38.89657892182632, -77.01199706590566 38.90356999163647, -77.00301391306446 38.90356999163647, -77.00301391306446 38.89657892182632, -77.01199706590566 38.89657892182632))","[12,14]"
207,207,"POLYGON ((-77.01199706590566 38.90356999163647, -77.01199706590566 38.91056037311766, -77.00301391306446 38.91056037311766, -77.00301391306446 38.90356999163647, -77.01199706590566 38.90356999163647))","[12,13]"
208,208,"POLYGON ((-77.01199706590566 38.91056037311766, -77.01199706590566 38.917550066233616, -77.00301391306446 38.917550066233616, -77.00301391306446 38.91056037311766, -77.01199706590566 38.91056037311766))","[12,12]"
209,209,"POLYGON ((-77.01199706590566 38.917550066233616, -77.01199706590566 38.92453907094813, -77.00301391306446 38.92453907094813, -77.00301391306446 38.917550066233616, -77.01199706590566 38.917550066233616))","[12,11]"
210,210,"POLYGON ((-77.01199706590566 38.92453907094813, -77.01199706590566 38.93152738722498, -77.00301391306446 38.93152738722498, -77.00301391306446 38.92453907094813, -77.01199706590566 38.92453907094813))","[12,10]"
211,211,"POLYGON ((-77.01199706590566 38.93152738722498, -77.01199706590566 38.938515015028074, -77.00301391306446 38.938515015028074, -77.00301391306446 38.93152738722498, -77.01199706590566 38.93152738722498))","[12,9]"
212,212,"POLYGON ((-77.01199706590566 38.938515015028074, -77.01199706590566 38.94550195432127, -77.00301391306446 38.94550195432127, -77.00301391306446 38.938515015028074, -77.01199706590566 38.938515015028074))","[12,8]"
213,213,"POLYGON ((-77.01199706590566 38.94550195432127, -77.01199706590566 38.95248820506855, -77.00301391306446 38.95248820506855, -77.00301391306446 38.94550195432127, -77.01199706590566 38.94550195432127))","[12,7]"
214,214,"POLYGON ((-77.01199706590566 38.95248820506855, -77.01199706590566 38.959473767233916, -77.00301391306446 38.959473767233916, -77.00301391306446 38.95248820506855, -77.01199706590566 38.95248820506855))","[12,6]"
215,215,"POLYGON ((-77.01199706590566 38.959473767233916, -77.01199706590566 38.96645864078138, -77.00301391306446 38.96645864078138, -77.00301391306446 38.959473767233916, -77.01199706590566 38.959473767233916))","[12,5]"
216,216,"POLYGON ((-77.01199706590566 38.96645864078138, -77.01199706590566 38.97344282567505, -77.00301391306446 38.97344282567505, -77.00301391306446 38.96645864078138, -77.01199706590566 38.96645864078138))","[12,4]"
217,217,"POLYGON ((-77.00301391306446 38.819631734621595, -77.00301391306446 38.826630373643624, -76.99403076022327 38.826630373643624, -76.99403076022327 38.819631734621595, -77.00301391306446 38.819631734621595))","[13,26]"
218,218,"POLYGON ((-77.00301391306446 38.826630373643624, -77.00301391306446 38.833628324738626, -76.99403076022327 38.833628324738626, -76.99403076022327 38.826630373643624, -77.00301391306446 38.826630373643624))","[13,25]"
219,219,"POLYGON ((-77.00301391306446 38.833628324738626, -77.00301391306446 38.84062558786984, -76.99403076022327 38.84062558786984, -76.99403076022327 38.833628324738626, -77.00301391306446 38.833628324738626))","[13,24]"
220,220,"POLYGON ((-77.00301391306446 38.84062558786984, -77.00301391306446 38.847622163000544, -76.99403076022327 38.847622163000544, -76.99403076022327 38.84062558786984, -77.00301391306446 38.84062558786984))","[13,23]"
221,221,"POLYGON ((-77.00301391306446 38.847622163000544, -77.00301391306446 38.85461805009407, -76.99403076022327 38.85461805009407, -76.99403076022327 38.847622163000544, -77.00301391306446 38.847622163000544))","[13,22]"
222,222,"POLYGON ((-77.00301391306446 38.85461805009407, -77.00301391306446 38.86161324911378, -76.99403076022327 38.86161324911378, -76.99403076022327 38.85461805009407, -77.00301391306446 38.85461805009407))","[13,21]"
223,223,"POLYGON ((-77.00301391306446 38.86161324911378, -77.00301391306446 38.868607760023096, -76.99403076022327 38.868607760023096, -76.99403076022327 38.86161324911378, -77.00301391306446 38.86161324911378))","[13,20]"
224,224,"POLYGON ((-77.00301391306446 38.868607760023096, -77.00301391306446 38.875601582785485, -76.99403076022327 38.875601582785485, -76.99403076022327 38.868607760023096, -77.00301391306446 38.868607760023096))","[13,19]"
225,225,"POLYGON ((-77.00301391306446 38.875601582785485, -77.00301391306446 38.88259471736445, -76.99403076022327 38.88259471736445, -76.99403076022327 38.875601582785485, -77.00301391306446 38.875601582785485))","[13,17]"
226,226,"POLYGON ((-77.00301391306446 38.88259471736445, -77.00301391306446 38.88958716372352, -76.99403076022327 38.88958716372352, -76.99403076022327 38.88259471736445, -77.00301391306446 38.88259471736445))","[13,16]"
227,227,"POLYGON ((-77.00301391306446 38.88958716372352, -77.00301391306446 38.89657892182632, -76.99403076022327 38.89657892182632, -76.99403076022327 38.88958716372352, -77.00301391306446 38.88958716372352))","[13,15]"
228,228,"POLYGON ((-77.00301391306446 38.89657892182632, -77.00301391306446 38.90356999163647, -76.99403076022327 38.90356999163647, -76.99403076022327 38.89657892182632, -77.00301391306446 38.89657892182632))","[13,14]"
229,229,"POLYGON ((-77.00301391306446 38.90356999163647, -77.00301391306446 38.91056037311766, -76.99403076022327 38.91056037311766, -76.99403076022327 38.90356999163647, -77.00301391306446 38.90356999163647))","[13,13]"
230,230,"POLYGON ((-77.00301391306446 38.91056037311766, -77.00301391306446 38.917550066233616, -76.99403076022327 38.917550066233616, -76.99403076022327 38.91056037311766, -77.00301391306446 38.91056037311766))","[13,12]"
231,231,"POLYGON ((-77.00301391306446 38.917550066233616, -77.00301391306446 38.92453907094813, -76.99403076022327 38.92453907094813, -76.99403076022327 38.917550066233616, -77.00301391306446 38.917550066233616))","[13,11]"
232,232,"POLYGON ((-77.00301391306446 38.92453907094813, -77.00301391306446 38.93152738722498, -76.99403076022327 38.93152738722498, -76.99403076022327 38.92453907094813, -77.00301391306446 38.92453907094813))","[13,10]"
233,233,"POLYGON ((-77.00301391306446 38.93152738722498, -77.00301391306446 38.938515015028074, -76.99403076022327 38.938515015028074, -76.99403076022327 38.93152738722498, -77.00301391306446 38.93152738722498))","[13,9]"
234,234,"POLYGON ((-77.00301391306446 38.938515015028074, -77.00301391306446 38.94550195432127, -76.99403076022327 38.94550195432127, -76.99403076022327 38.938515015028074, -77.00301391306446 38.938515015028074))","[13,8]"
235,235,"POLYGON ((-77.00301391306446 38.94550195432127, -77.00301391306446 38.95248820506855, -76.99403076022327 38.95248820506855, -76.99403076022327 38.94550195432127, -77.00301391306446 38.94550195432127))","[13,7]"
236,236,"POLYGON ((-77.00301391306446 38.95248820506855, -77.00301391306446 38.959473767233916, -76.99403076022327 38.959473767233916, -76.99403076022327 38.95248820506855, -77.00301391306446 38.95248820506855))","[13,6]"
237,237,"POLYGON ((-77.00301391306446 38.959473767233916, -77.00301391306446 38.96645864078138, -76.99403076022327 38.96645864078138, -76.99403076022327 38.959473767233916, -77.00301391306446 38.959473767233916))","[13,5]"
238,238,"POLYGON ((-76.99403076022327 38.826630373643624, -76.99403076022327 38.833628324738626, -76.98504760738209 38.833628324738626, -76.98504760738209 38.826630373643624, -76.99403076022327 38.826630373643624))","[14,25]"
239,239,"POLYGON ((-76.99403076022327 38.833628324738626, -76.99403076022327 38.84062558786984, -76.98504760738209 38.84062558786984, -76.98504760738209 38.833628324738626, -76.99403076022327 38.833628324738626))","[14,24]"
240,240,"POLYGON ((-76.99403076022327 38.84062558786984, -76.99403076022327 38.847622163000544, -76.98504760738209 38.847622163000544, -76.98504760738209 38.84062558786984, -76.99403076022327 38.84062558786984))","[14,23]"
241,241,"POLYGON ((-76.99403076022327 38.847622163000544, -76.99403076022327 38.85461805009407, -76.98504760738209 38.85461805009407, -76.98504760738209 38.847622163000544, -76.99403076022327 38.847622163000544))","[14,22]"
242,242,"POLYGON ((-76.99403076022327 38.85461805009407, -76.99403076022327 38.86161324911378, -76.98504760738209 38.86161324911378, -76.98504760738209 38.85461805009407, -76.99403076022327 38.85461805009407))","[14,21]"
243,243,"POLYGON ((-76.99403076022327 38.86161324911378, -76.99403076022327 38.868607760023096, -76.98504760738209 38.868607760023096, -76.98504760738209 38.86161324911378, -76.99403076022327 38.86161324911378))","[14,20]"
244,244,"POLYGON ((-76.99403076022327 38.868607760023096, -76.99403076022327 38.875601582785485, -76.98504760738209 38.875601582785485, -76.98504760738209 38.868607760023096, -76.99403076022327 38.868607760023096))","[14,19]"
245,245,"POLYGON ((-76.99403076022327 38.875601582785485, -76.99403076022327 38.88259471736445, -76.98504760738209 38.88259471736445, -76.98504760738209 38.875601582785485, -76.99403076022327 38.875601582785485))","[14,17]"
246,246,"POLYGON ((-76.99403076022327 38.88259471736445, -76.99403076022327 38.88958716372352, -76.98504760738209 38.88958716372352, -76.98504760738209 38.88259471736445, -76.99403076022327 38.88259471736445))","[14,16]"
247,247,"POLYGON ((-76.99403076022327 38.88958716372352, -76.99403076022327 38.89657892182632, -76.98504760738209 38.89657892182632, -76.98504760738209 38.88958716372352, -76.99403076022327 38.88958716372352))","[14,15]"
248,248,"POLYGON ((-76.99403076022327 38.89657892182632, -76.99403076022327 38.90356999163647, -76.98504760738209 38.90356999163647, -76.98504760738209 38.89657892182632, -76.99403076022327 38.89657892182632))","[14,14]"
249,249,"POLYGON ((-76.99403076022327 38.90356999163647, -76.99403076022327 38.91056037311766, -76.98504760738209 38.91056037311766, -76.98504760738209 38.90356999163647, -76.99403076022327 38.90356999163647))","[14,13]"
250,250,"POLYGON ((-76.99403076022327 38.91056037311766, -76.99403076022327 38.917550066233616, -76.98504760738209 38.917550066233616, -76.98504760738209 38.91056037311766, -76.99403076022327 38.91056037311766))","[14,12]"
251,251,"POLYGON ((-76.99403076022327 38.917550066233616, -76.99403076022327 38.92453907094813, -76.98504760738209 38.92453907094813, -76.98504760738209 38.917550066233616, -76.99403076022327 38.917550066233616))","[14,11]"
252,252,"POLYGON ((-76.99403076022327 38.92453907094813, -76.99403076022327 38.93152738722498, -76.98504760738209 38.93152738722498, -76.98504760738209 38.92453907094813, -76.99403076022327 38.92453907094813))","[14,10]"
253,253,"POLYGON ((-76.99403076022327 38.93152738722498, -76.99403076022327 38.938515015028074, -76.98504760738209 38.938515015028074, -76.98504760738209 38.93152738722498, -76.99403076022327 38.93152738722498))","[14,9]"
254,254,"POLYGON ((-76.99403076022327 38.938515015028074, -76.99403076022327 38.94550195432127, -76.98504760738209 38.94550195432127, -76.98504760738209 38.938515015028074, -76.99403076022327 38.938515015028074))","[14,8]"
255,255,"POLYGON ((-76.99403076022327 38.94550195432127, -76.99403076022327 38.95248820506855, -76.98504760738209 38.95248820506855, -76.98504760738209 38.94550195432127, -76.99403076022327 38.94550195432127))","[14,7]"
256,256,"POLYGON ((-76.99403076022327 38.95248820506855, -76.99403076022327 38.959473767233916, -76.98504760738209 38.959473767233916, -76.98504760738209 38.95248820506855, -76.99403076022327 38.95248820506855))","[14,6]"
257,257,"POLYGON ((-76.98504760738209 38.833628324738626, -76.98504760738209 38.84062558786984, -76.97606445454089 38.84062558786984, -76.97606445454089 38.833628324738626, -76.98504760738209 38.833628324738626))","[15,24]"
258,258,"POLYGON ((-76.98504760738209 38.84062558786984, -76.98504760738209 38.847622163000544, -76.97606445454089 38.847622163000544, -76.97606445454089 38.84062558786984, -76.98504760738209 38.84062558786984))","[15,23]"
259,259,"POLYGON ((-76.98504760738209 38.847622163000544, -76.98504760738209 38.85461805009407, -76.97606445454089 38.85461805009407, -76.97606445454089 38.847622163000544, -76.98504760738209 38.847622163000544))","[15,22]"
260,260,"POLYGON ((-76.98504760738209 38.85461805009407, -76.98504760738209 38.86161324911378, -76.97606445454089 38.86161324911378, -76.97606445454089 38.85461805009407, -76.98504760738209 38.85461805009407))","[15,21]"
261,261,"POLYGON ((-76.98504760738209 38.86161324911378, -76.98504760738209 38.868607760023096, -76.97606445454089 38.868607760023096, -76.97606445454089 38.86161324911378, -76.98504760738209 38.86161324911378))","[15,20]"
262,262,"POLYGON ((-76.98504760738209 38.868607760023096, -76.98504760738209 38.875601582785485, -76.97606445454089 38.875601582785485, -76.97606445454089 38.868607760023096, -76.98504760738209 38.868607760023096))","[15,19]"
263,263,"POLYGON ((-76.98504760738209 38.875601582785485, -76.98504760738209 38.88259471736445, -76.97606445454089 38.88259471736445, -76.97606445454089 38.875601582785485, -76.98504760738209 38.875601582785485))","[15,17]"
264,264,"POLYGON ((-76.98504760738209 38.88259471736445, -76.98504760738209 38.88958716372352, -76.97606445454089 38.88958716372352, -76.97606445454089 38.88259471736445, -76.98504760738209 38.88259471736445))","[15,16]"
265,265,"POLYGON ((-76.98504760738209 38.88958716372352, -76.98504760738209 38.89657892182632, -76.97606445454089 38.89657892182632, -76.97606445454089 38.88958716372352, -76.98504760738209 38.88958716372352))","[15,15]"
266,266,"POLYGON ((-76.98504760738209 38.89657892182632, -76.98504760738209 38.90356999163647, -76.97606445454089 38.90356999163647, -76.97606445454089 38.89657892182632, -76.98504760738209 38.89657892182632))","[15,14]"
267,267,"POLYGON ((-76.98504760738209 38.90356999163647, -76.98504760738209 38.91056037311766, -76.97606445454089 38.91056037311766, -76.97606445454089 38.90356999163647, -76.98504760738209 38.90356999163647))","[15,13]"
268,268,"POLYGON ((-76.98504760738209 38.91056037311766, -76.98504760738209 38.917550066233616, -76.97606445454089 38.917550066233616, -76.97606445454089 38.91056037311766, -76.98504760738209 38.91056037311766))","[15,12]"
269,269,"POLYGON ((-76.98504760738209 38.917550066233616, -76.98504760738209 38.92453907094813, -76.97606445454089 38.92453907094813, -76.97606445454089 38.917550066233616, -76.98504760738209 38.917550066233616))","[15,11]"
270,270,"POLYGON ((-76.98504760738209 38.92453907094813, -76.98504760738209 38.93152738722498, -76.97606445454089 38.93152738722498, -76.97606445454089 38.92453907094813, -76.98504760738209 38.92453907094813))","[15,10]"
271,271,"POLYGON ((-76.98504760738209 38.93152738722498, -76.98504760738209 38.938515015028074, -76.97606445454089 38.938515015028074, -76.97606445454089 38.93152738722498, -76.98504760738209 38.93152738722498))","[15,9]"
272,272,"POLYGON ((-76.98504760738209 38.938515015028074, -76.98504760738209 38.94550195432127, -76.97606445454089 38.94550195432127, -76.97606445454089 38.938515015028074, -76.98504760738209 38.938515015028074))","[15,8]"
273,273,"POLYGON ((-76.98504760738209 38.94550195432127, -76.98504760738209 38.95248820506855, -76.97606445454089 38.95248820506855, -76.97606445454089 38.94550195432127, -76.98504760738209 38.94550195432127))","[15,7]"
274,274,"POLYGON ((-76.97606445454089 38.84062558786984, -76.97606445454089 38.847622163000544, -76.9670813016997 38.847622163000544, -76.9670813016997 38.84062558786984, -76.97606445454089 38.84062558786984))","[16,23]"
275,275,"POLYGON ((-76.97606445454089 38.847622163000544, -76.97606445454089 38.85461805009407, -76.9670813016997 38.85461805009407, -76.9670813016997 38.847622163000544, -76.97606445454089 38.847622163000544))","[16,22]"
276,276,"POLYGON ((-76.97606445454089 38.85461805009407, -76.97606445454089 38.86161324911378, -76.9670813016997 38.86161324911378, -76.9670813016997 38.85461805009407, -76.97606445454089 38.85461805009407))","[16,21]"
277,277,"POLYGON ((-76.97606445454089 38.86161324911378, -76.97606445454089 38.868607760023096, -76.9670813016997 38.868607760023096, -76.9670813016997 38.86161324911378, -76.97606445454089 38.86161324911378))","[16,20]"
278,278,"POLYGON ((-76.97606445454089 38.868607760023096, -76.97606445454089 38.875601582785485, -76.9670813016997 38.875601582785485, -76.9670813016997 38.868607760023096, -76.97606445454089 38.868607760023096))","[16,19]"
279,279,"POLYGON ((-76.97606445454089 38.875601582785485, -76.97606445454089 38.88259471736445, -76.9670813016997 38.88259471736445, -76.9670813016997 38.875601582785485, -76.97606445454089 38.875601582785485))","[16,17]"
280,280,"POLYGON ((-76.97606445454089 38.88259471736445, -76.97606445454089 38.88958716372352, -76.9670813016997 38.88958716372352, -76.9670813016997 38.88259471736445, -76.97606445454089 38.88259471736445))","[16,16]"
281,281,"POLYGON ((-76.97606445454089 38.88958716372352, -76.97606445454089 38.89657892182632, -76.9670813016997 38.89657892182632, -76.9670813016997 38.88958716372352, -76.97606445454089 38.88958716372352))","[16,15]"
282,282,"POLYGON ((-76.97606445454089 38.89657892182632, -76.97606445454089 38.90356999163647, -76.9670813016997 38.90356999163647, -76.9670813016997 38.89657892182632, -76.97606445454089 38.89657892182632))","[16,14]"
283,283,"POLYGON ((-76.97606445454089 38.90356999163647, -76.97606445454089 38.91056037311766, -76.9670813016997 38.91056037311766, -76.9670813016997 38.90356999163647, -76.97606445454089 38.90356999163647))","[16,13]"
284,284,"POLYGON ((-76.97606445454089 38.91056037311766, -76.97606445454089 38.917550066233616, -76.9670813016997 38.917550066233616, -76.9670813016997 38.91056037311766, -76.97606445454089 38.91056037311766))","[16,12]"
285,285,"POLYGON ((-76.97606445454089 38.917550066233616, -76.97606445454089 38.92453907094813, -76.9670813016997 38.92453907094813, -76.9670813016997 38.917550066233616, -76.97606445454089 38.917550066233616))","[16,11]"
286,286,"POLYGON ((-76.97606445454089 38.92453907094813, -76.97606445454089 38.93152738722498, -76.9670813016997 38.93152738722498, -76.9670813016997 38.92453907094813, -76.97606445454089 38.92453907094813))","[16,10]"
287,287,"POLYGON ((-76.97606445454089 38.93152738722498, -76.97606445454089 38.938515015028074, -76.9670813016997 38.938515015028074, -76.9670813016997 38.93152738722498, -76.97606445454089 38.93152738722498))","[16,9]"
288,288,"POLYGON ((-76.97606445454089 38.938515015028074, -76.97606445454089 38.94550195432127, -76.9670813016997 38.94550195432127, -76.9670813016997 38.938515015028074, -76.97606445454089 38.938515015028074))","[16,8]"
289,289,"POLYGON ((-76.9670813016997 38.847622163000544, -76.9670813016997 38.85461805009407, -76.9580981488585 38.85461805009407, -76.9580981488585 38.847622163000544, -76.9670813016997 38.847622163000544))","[17,22]"
290,290,"POLYGON ((-76.9670813016997 38.85461805009407, -76.9670813016997 38.86161324911378, -76.9580981488585 38.86161324911378, -76.9580981488585 38.85461805009407, -76.9670813016997 38.85461805009407))","[17,21]"
291,291,"POLYGON ((-76.9670813016997 38.86161324911378, -76.9670813016997 38.868607760023096, -76.9580981488585 38.868607760023096, -76.9580981488585 38.86161324911378, -76.9670813016997 38.86161324911378))","[17,20]"
292,292,"POLYGON ((-76.9670813016997 38.868607760023096, -76.9670813016997 38.875601582785485, -76.9580981488585 38.875601582785485, -76.9580981488585 38.868607760023096, -76.9670813016997 38.868607760023096))","[17,19]"
293,293,"POLYGON ((-76.9670813016997 38.875601582785485, -76.9670813016997 38.88259471736445, -76.9580981488585 38.88259471736445, -76.9580981488585 38.875601582785485, -76.9670813016997 38.875601582785485))","[17,17]"
294,294,"POLYGON ((-76.9670813016997 38.88259471736445, -76.9670813016997 38.88958716372352, -76.9580981488585 38.88958716372352, -76.9580981488585 38.88259471736445, -76.9670813016997 38.88259471736445))","[17,16]"
295,295,"POLYGON ((-76.9670813016997 38.88958716372352, -76.9670813016997 38.89657892182632, -76.9580981488585 38.89657892182632, -76.9580981488585 38.88958716372352, -76.9670813016997 38.88958716372352))","[17,15]"
296,296,"POLYGON ((-76.9670813016997 38.89657892182632, -76.9670813016997 38.90356999163647, -76.9580981488585 38.90356999163647, -76.9580981488585 38.89657892182632, -76.9670813016997 38.89657892182632))","[17,14]"
297,297,"POLYGON ((-76.9670813016997 38.90356999163647, -76.9670813016997 38.91056037311766, -76.9580981488585 38.91056037311766, -76.9580981488585 38.90356999163647, -76.9670813016997 38.90356999163647))","[17,13]"
298,298,"POLYGON ((-76.9670813016997 38.91056037311766, -76.9670813016997 38.917550066233616, -76.9580981488585 38.917550066233616, -76.9580981488585 38.91056037311766, -76.9670813016997 38.91056037311766))","[17,12]"
299,299,"POLYGON ((-76.9670813016997 38.917550066233616, -76.9670813016997 38.92453907094813, -76.9580981488585 38.92453907094813, -76.9580981488585 38.917550066233616, -76.9670813016997 38.917550066233616))","[17,11]"
300,300,"POLYGON ((-76.9670813016997 38.92453907094813, -76.9670813016997 38.93152738722498, -76.9580981488585 38.93152738722498, -76.9580981488585 38.92453907094813, -76.9670813016997 38.92453907094813))","[17,10]"
301,301,"POLYGON ((-76.9670813016997 38.93152738722498, -76.9670813016997 38.938515015028074, -76.9580981488585 38.938515015028074, -76.9580981488585 38.93152738722498, -76.9670813016997 38.93152738722498))","[17,9]"
302,302,"POLYGON ((-76.9580981488585 38.85461805009407, -76.9580981488585 38.86161324911378, -76.94911499601729 38.86161324911378, -76.94911499601729 38.85461805009407, -76.9580981488585 38.85461805009407))","[18,21]"
303,303,"POLYGON ((-76.9580981488585 38.86161324911378, -76.9580981488585 38.868607760023096, -76.94911499601729 38.868607760023096, -76.94911499601729 38.86161324911378, -76.9580981488585 38.86161324911378))","[18,20]"
304,304,"POLYGON ((-76.9580981488585 38.868607760023096, -76.9580981488585 38.875601582785485, -76.94911499601729 38.875601582785485, -76.94911499601729 38.868607760023096, -76.9580981488585 38.868607760023096))","[18,19]"
305,305,"POLYGON ((-76.9580981488585 38.875601582785485, -76.9580981488585 38.88259471736445, -76.94911499601729 38.88259471736445, -76.94911499601729 38.875601582785485, -76.9580981488585 38.875601582785485))","[18,17]"
306,306,"POLYGON ((-76.9580981488585 38.88259471736445, -76.9580981488585 38.88958716372352, -76.94911499601729 38.88958716372352, -76.94911499601729 38.88259471736445, -76.9580981488585 38.88259471736445))","[18,16]"
307,307,"POLYGON ((-76.9580981488585 38.88958716372352, -76.9580981488585 38.89657892182632, -76.94911499601729 38.89657892182632, -76.94911499601729 38.88958716372352, -76.9580981488585 38.88958716372352))","[18,15]"
308,308,"POLYGON ((-76.9580981488585 38.89657892182632, -76.9580981488585 38.90356999163647, -76.94911499601729 38.90356999163647, -76.94911499601729 38.89657892182632, -76.9580981488585 38.89657892182632))","[18,14]"
309,309,"POLYGON ((-76.9580981488585 38.90356999163647, -76.9580981488585 38.91056037311766, -76.94911499601729 38.91056037311766, -76.94911499601729 38.90356999163647, -76.9580981488585 38.90356999163647))","[18,13]"
310,310,"POLYGON ((-76.9580981488585 38.91056037311766, -76.9580981488585 38.917550066233616, -76.94911499601729 38.917550066233616, -76.94911499601729 38.91056037311766, -76.9580981488585 38.91056037311766))","[18,12]"
311,311,"POLYGON ((-76.9580981488585 38.917550066233616, -76.9580981488585 38.92453907094813, -76.94911499601729 38.92453907094813, -76.94911499601729 38.917550066233616, -76.9580981488585 38.917550066233616))","[18,11]"
312,312,"POLYGON ((-76.9580981488585 38.92453907094813, -76.9580981488585 38.93152738722498, -76.94911499601729 38.93152738722498, -76.94911499601729 38.92453907094813, -76.9580981488585 38.92453907094813))","[18,10]"
313,313,"POLYGON ((-76.94911499601729 38.86161324911378, -76.94911499601729 38.868607760023096, -76.94013184317609 38.868607760023096, -76.94013184317609 38.86161324911378, -76.94911499601729 38.86161324911378))","[19,20]"
314,314,"POLYGON ((-76.94911499601729 38.868607760023096, -76.94911499601729 38.875601582785485, -76.94013184317609 38.875601582785485, -76.94013184317609 38.868607760023096, -76.94911499601729 38.868607760023096))","[19,19]"
315,315,"POLYGON ((-76.94911499601729 38.875601582785485, -76.94911499601729 38.88259471736445, -76.94013184317609 38.88259471736445, -76.94013184317609 38.875601582785485, -76.94911499601729 38.875601582785485))","[19,17]"
316,316,"POLYGON ((-76.94911499601729 38.88259471736445, -76.94911499601729 38.88958716372352, -76.94013184317609 38.88958716372352, -76.94013184317609 38.88259471736445, -76.94911499601729 38.88259471736445))","[19,16]"
317,317,"POLYGON ((-76.94911499601729 38.88958716372352, -76.94911499601729 38.89657892182632, -76.94013184317609 38.89657892182632, -76.94013184317609 38.88958716372352, -76.94911499601729 38.88958716372352))","[19,15]"
318,318,"POLYGON ((-76.94911499601729 38.89657892182632, -76.94911499601729 38.90356999163647, -76.94013184317609 38.90356999163647, -76.94013184317609 38.89657892182632, -76.94911499601729 38.89657892182632))","[19,14]"
319,319,"POLYGON ((-76.94911499601729 38.90356999163647, -76.94911499601729 38.91056037311766, -76.94013184317609 38.91056037311766, -76.94013184317609 38.90356999163647, -76.94911499601729 38.90356999163647))","[19,13]"
320,320,"POLYGON ((-76.94911499601729 38.91056037311766, -76.94911499601729 38.917550066233616, -76.94013184317609 38.917550066233616, -76.94013184317609 38.91056037311766, -76.94911499601729 38.91056037311766))","[19,12]"
321,321,"POLYGON ((-76.94911499601729 38.917550066233616, -76.94911499601729 38.92453907094813, -76.94013184317609 38.92453907094813, -76.94013184317609 38.917550066233616, -76.94911499601729 38.917550066233616))","[19,11]"
322,322,"POLYGON ((-76.94013184317609 38.868607760023096, -76.94013184317609 38.875601582785485, -76.93114869033491 38.875601582785485, -76.93114869033491 38.868607760023096, -76.94013184317609 38.868607760023096))","[20,19]"
323,323,"POLYGON ((-76.94013184317609 38.875601582785485, -76.94013184317609 38.88259471736445, -76.93114869033491 38.88259471736445, -76.93114869033491 38.875601582785485, -76.94013184317609 38.875601582785485))","[20,17]"
324,324,"POLYGON ((-76.94013184317609 38.88259471736445, -76.94013184317609 38.88958716372352, -76.93114869033491 38.88958716372352, -76.93114869033491 38.88259471736445, -76.94013184317609 38.88259471736445))","[20,16]"
325,325,"POLYGON ((-76.94013184317609 38.88958716372352, -76.94013184317609 38.89657892182632, -76.93114869033491 38.89657892182632, -76.93114869033491 38.88958716372352, -76.94013184317609 38.88958716372352))","[20,15]"
326,326,"POLYGON ((-76.94013184317609 38.89657892182632, -76.94013184317609 38.90356999163647, -76.93114869033491 38.90356999163647, -76.93114869033491 38.89657892182632, -76.94013184317609 38.89657892182632))","[20,14]"
327,327,"POLYGON ((-76.94013184317609 38.90356999163647, -76.94013184317609 38.91056037311766, -76.93114869033491 38.91056037311766, -76.93114869033491 38.90356999163647, -76.94013184317609 38.90356999163647))","[20,13]"
328,328,"POLYGON ((-76.94013184317609 38.91056037311766, -76.94013184317609 38.917550066233616, -76.93114869033491 38.917550066233616, -76.93114869033491 38.91056037311766, -76.94013184317609 38.91056037311766))","[20,12]"
329,329,"POLYGON ((-76.93114869033491 38.875601582785485, -76.93114869033491 38.88259471736445, -76.92216553749371 38.88259471736445, -76.92216553749371 38.875601582785485, -76.93114869033491 38.875601582785485))","[21,17]"
330,330,"POLYGON ((-76.93114869033491 38.88259471736445, -76.93114869033491 38.88958716372352, -76.92216553749371 38.88958716372352, -76.92216553749371 38.88259471736445, -76.93114869033491 38.88259471736445))","[21,16]"
331,331,"POLYGON ((-76.93114869033491 38.88958716372352, -76.93114869033491 38.89657892182632, -76.92216553749371 38.89657892182632, -76.92216553749371 38.88958716372352, -76.93114869033491 38.88958716372352))","[21,15]"
332,332,"POLYGON ((-76.93114869033491 38.89657892182632, -76.93114869033491 38.90356999163647, -76.92216553749371 38.90356999163647, -76.92216553749371 38.89657892182632, -76.93114869033491 38.89657892182632))","[21,14]"
333,333,"POLYGON ((-76.93114869033491 38.90356999163647, -76.93114869033491 38.91056037311766, -76.92216553749371 38.91056037311766, -76.92216553749371 38.90356999163647, -76.93114869033491 38.90356999163647))","[21,13]"
334,334,"POLYGON ((-76.92216553749371 38.88259471736445, -76.92216553749371 38.88958716372352, -76.91318238465252 38.88958716372352, -76.91318238465252 38.88259471736445, -76.92216553749371 38.88259471736445))","[22,16]"
335,335,"POLYGON ((-76.92216553749371 38.88958716372352, -76.92216553749371 38.89657892182632, -76.91318238465252 38.89657892182632, -76.91318238465252 38.88958716372352, -76.92216553749371 38.88958716372352))","[22,15]"
336,336,"POLYGON ((-76.92216553749371 38.89657892182632, -76.92216553749371 38.90356999163647, -76.91318238465252 38.90356999163647, -76.91318238465252 38.89657892182632, -76.92216553749371 38.89657892182632))","[22,14]"
337,337,"POLYGON ((-76.91318238465252 38.88958716372352, -76.91318238465252 38.89657892182632, -76.90419923181132 38.89657892182632, -76.90419923181132 38.88958716372352, -76.91318238465252 38.88958716372352))","[23,15]"
